-- ============================================
-- 种子数据：基于 mock-data.ts
-- ============================================

-- 用户
INSERT INTO users (id, feishu_open_id, name, avatar, department, role, bio, points, level) VALUES
('a0000000-0000-0000-0000-000000000001', 'ou_user001', '张三', '', 'HRBP', 'user', 'AI 爱好者', 120, 'AI探索者'),
('a0000000-0000-0000-0000-000000000002', 'ou_user002', '李四', '', 'COE', 'contributor', 'Prompt 工程师', 200, 'AI达人'),
('a0000000-0000-0000-0000-000000000003', 'ou_user003', '王五', '', 'HR', 'user', 'RAG 爱好者', 80, 'AI探索者'),
('a0000000-0000-0000-0000-000000000004', 'ou_user004', '赵六', '', 'HRBP', 'user', '自动化达人', 150, 'AI探索者'),
('a0000000-0000-0000-0000-000000000005', 'ou_user005', '钱七', '', 'COE', 'user', '数据分析师', 90, 'AI新手');

-- 活动（AI 大赛）
INSERT INTO events (id, title, description, rules, prizes, start_time, end_time, registration_deadline, status, registration_count, max_participants) VALUES
('b0000000-0000-0000-0000-000000000001', 'HRAS AI 大赛 · 第一赛季', '用 AI 解决 HR 实际工作场景中的问题，展示你的 AI 实践能力！', '1. 参赛者需为 HR 体系员工
2. 提交一个 AI 应用案例
3. 评审维度：创新性、实用性、可复制性', '一等奖：5000元 + 荣誉证书
二等奖：3000元 + 荣誉证书
三等奖：1000元 + 荣誉证书', '2026-05-01T00:00:00Z', '2026-06-30T23:59:59Z', '2026-06-15T23:59:59Z', 'ongoing', 45, 100);

-- 案例
INSERT INTO cases (id, title, summary, content, category, ai_tools, difficulty, author_id, status, view_count, like_count, bookmark_count, comment_count, event_id) VALUES
('c0000000-0000-0000-0000-000000000001', '用 Claude 优化招聘 JD 撰写效率', '通过 Prompt Engineering 让 AI 自动生成高质量招聘 JD，效率提升 3 倍', '<p>详细内容...</p>', '招聘', '{"Claude","ChatGPT"}', '入门', 'a0000000-0000-0000-0000-000000000001', 'published', 156, 32, 18, 5, NULL),
('c0000000-0000-0000-0000-000000000002', 'AI 辅助绩效评语生成实践', '利用大模型批量生成绩效评语初稿，HR 只需微调即可', '<p>详细内容...</p>', '绩效', '{"通义千问"}', '基础', 'a0000000-0000-0000-0000-000000000002', 'published', 89, 21, 12, 3, NULL),
('c0000000-0000-0000-0000-000000000003', '用 AI 搭建员工培训知识库', '基于 RAG 技术搭建 HR 内部知识问答系统', '<p>详细内容...</p>', '培训', '{"Dify","Claude"}', '进阶', 'a0000000-0000-0000-0000-000000000003', 'published', 234, 45, 30, 8, 'b0000000-0000-0000-0000-000000000001'),
('c0000000-0000-0000-0000-000000000004', 'AI 自动化面试排期系统', '用 AI + 飞书日历自动协调面试官和候选人时间', '<p>详细内容...</p>', '招聘', '{"ChatGPT","飞书开放平台"}', '进阶', 'a0000000-0000-0000-0000-000000000004', 'published', 178, 38, 22, 6, NULL),
('c0000000-0000-0000-0000-000000000005', '用 AI 生成薪酬分析报告', '让 AI 自动分析薪酬数据并生成可视化报告', '<p>详细内容...</p>', '薪酬', '{"Claude","Python"}', '基础', 'a0000000-0000-0000-0000-000000000005', 'published', 145, 29, 16, 4, NULL);

-- 话题
INSERT INTO topics (id, title, content, tags, author_id, view_count, answer_count, has_accepted_answer) VALUES
('d0000000-0000-0000-0000-000000000001', '大家在招聘场景中用什么 AI 工具？', '最近想在招聘流程中引入 AI，想听听大家的经验...', '{"招聘","工具推荐"}', 'a0000000-0000-0000-0000-000000000001', 89, 6, true),
('d0000000-0000-0000-0000-000000000002', 'Prompt Engineering 有什么好的学习资源？', '想系统学习 Prompt Engineering，求推荐课程或资料', '{"学习","Prompt"}', 'a0000000-0000-0000-0000-000000000002', 156, 12, false),
('d0000000-0000-0000-0000-000000000003', '用 AI 做员工满意度分析靠谱吗？', '想用大模型分析员工满意度调查的开放性问题，不知道效果如何', '{"员工关系","数据分析"}', 'a0000000-0000-0000-0000-000000000003', 67, 4, false),
('d0000000-0000-0000-0000-000000000004', '飞书机器人 + AI 能做什么有趣的 HR 应用？', '想搞一个飞书机器人来做一些 HR 自动化，有经验的分享下', '{"飞书","自动化"}', 'a0000000-0000-0000-0000-000000000004', 123, 8, false);

-- 课程
INSERT INTO courses (id, title, description, cover_image, instructor, category, difficulty, duration, content_type, student_count, rating) VALUES
('e0000000-0000-0000-0000-000000000001', 'AI 工具入门：从零开始认识大模型', '适合 AI 小白的基础课程，了解什么是大模型、如何使用 AI 工具', '', 'AI 培训组', 'AI工具基础', '入门', '2小时', 'video', 89, 4.8),
('e0000000-0000-0000-0000-000000000002', 'HR 场景 AI 实操：招聘篇', '手把手教你用 AI 优化招聘全流程', '', '张三', 'HR场景实操', '基础', '3小时', 'doc', 56, 4.6),
('e0000000-0000-0000-0000-000000000003', '高级 Prompt Engineering 技巧', '深入学习 Prompt 设计模式和高级技巧', '', '李四', 'AI工具进阶', '进阶', '4小时', 'video', 34, 4.9);

-- 课程章节
INSERT INTO course_chapters (id, course_id, title, content_url, duration, sort_order) VALUES
('f0000000-0000-0000-0000-000000000001', 'e0000000-0000-0000-0000-000000000001', '什么是大模型？', '', '30分钟', 1),
('f0000000-0000-0000-0000-000000000002', 'e0000000-0000-0000-0000-000000000001', '常用 AI 工具介绍', '', '30分钟', 2),
('f0000000-0000-0000-0000-000000000003', 'e0000000-0000-0000-0000-000000000001', 'Prompt 基础技巧', '', '30分钟', 3),
('f0000000-0000-0000-0000-000000000004', 'e0000000-0000-0000-0000-000000000001', '实操练习', '', '30分钟', 4),
('f0000000-0000-0000-0000-000000000005', 'e0000000-0000-0000-0000-000000000002', 'AI 生成 JD', '', '45分钟', 1),
('f0000000-0000-0000-0000-000000000006', 'e0000000-0000-0000-0000-000000000002', 'AI 筛选简历', '', '45分钟', 2),
('f0000000-0000-0000-0000-000000000007', 'e0000000-0000-0000-0000-000000000002', 'AI 面试问题生成', '', '45分钟', 3),
('f0000000-0000-0000-0000-000000000008', 'e0000000-0000-0000-0000-000000000002', 'AI 面试评估', '', '45分钟', 4),
('f0000000-0000-0000-0000-000000000009', 'e0000000-0000-0000-0000-000000000003', 'Prompt 设计原则', '', '60分钟', 1),
('f0000000-0000-0000-0000-000000000010', 'e0000000-0000-0000-0000-000000000003', 'Chain of Thought', '', '60分钟', 2),
('f0000000-0000-0000-0000-000000000011', 'e0000000-0000-0000-0000-000000000003', 'Few-shot Learning', '', '60分钟', 3),
('f0000000-0000-0000-0000-000000000012', 'e0000000-0000-0000-0000-000000000003', '实战案例', '', '60分钟', 4);

-- 应用推荐
INSERT INTO apps (id, name, logo, description, category, scenarios, official_url, rating, user_count, like_count, dislike_count, status) VALUES
('a0000000-0000-0000-0000-000000000010', 'Claude', '', 'Anthropic 出品的 AI 助手，擅长长文本理解和分析', '对话类', '{"文档分析","写作","问答"}', 'https://claude.ai', 4.8, 120, 45, 2, 'published'),
('a0000000-0000-0000-0000-000000000011', '通义千问', '', '阿里巴巴出品的大语言模型，中文能力强', '对话类', '{"中文写作","数据分析","代码生成"}', 'https://tongyi.aliyun.com', 4.5, 200, 67, 5, 'published'),
('a0000000-0000-0000-0000-000000000012', 'Dify', '', '开源 LLM 应用开发平台，支持 RAG 和工作流', '自动化', '{"知识库搭建","AI 应用开发","工作流自动化"}', 'https://dify.ai', 4.7, 80, 35, 1, 'published');
